source,author,title,description,url,publishedAt,content
Ambcrypto.com,Olayiwola Dolapo,Will FTT drop to $0.8? What to expect as bearish signals rise - AMBCrypto News,FTT's drop is likely to intensify as bearish signals flash.,https://ambcrypto.com/will-ftt-drop-to-0-8-what-to-expect-as-bearish-signals-rise/,2025-02-24T02:01:47Z,"<ul><li>The distribution of FTT continues in the market as a death cross pattern surfaces.</li><li>On the chart, a head and shoulders formation predicts a fall below $1 could be on the horizon.</li><… [+2453 chars]"
CNBC,Jesse Pound,Stock futures rise on Sunday evening after losing week on Wall Street: Live updates - CNBC,The move in futures follows the stock market's fall on Thursday and Friday to end the week in the red.,https://www.cnbc.com/2025/02/23/stock-market-today-live-updates.html,2025-02-24T00:04:00Z,"Stock market futures moved higher on Sunday evening as Wall Street looked to bounce back from a slide late last week.
Futures for the Dow Jones Industrial Average added 125 points, or 0.3%. S&amp;P … [+1602 chars]"
The Verge,Wes Davis,Grok blocked results saying Musk and Trump “spread misinformation” - The Verge,A worker for Elon Musk’s xAI tweaked Grok to block reports of Elon Musk and Donald Trump spreading misinformation.,https://www.theverge.com/news/618109/grok-blocked-elon-musk-trump-misinformation,2025-02-23T23:33:35Z,"The system prompt for Musks chatbot was changed by an employee to block the results.
The system prompt for Musks chatbot was changed by an employee to block the results.
Grok, Elon Musks ChatGPT co… [+1122 chars]"
Business Insider,Lakshmi Varanasi,Warren Buffett included 4 key pearls of wisdom in his annual shareholder letter - Business Insider,The 94-year-old investing legend usually has a few pearls of wisdom in his annual shareholder letter. This year was no different.,https://www.businessinsider.com/warren-buffett-shareholder-letter-wisdom-management-2025-2,2025-02-23T20:48:00Z,"Every year, executives of publicly traded companies draft letters to their shareholders. These letters summarize the company's operations, detailing its annual financial results, major wins and losse… [+3479 chars]"
New York Post,Bryan Fonseca,Suns star Devin Booker worried about Hooters’ demise as bankruptcy looms - New York Post ,The NBA star is pleading for Hooters not to go in wake of the news that the iconic restaurant chain may be heading for bankruptcy.,https://nypost.com/2025/02/23/sports/devin-booker-worried-about-hooters-demise-as-bankruptcy-looms/,2025-02-23T20:10:00Z,"Devin Booker wants to save Hooters. 
The Phoenix Suns guard is pleading for Hooters not to go in wake of the news that the iconic restaurant chain may be heading for bankruptcy.
The comments came j… [+1971 chars]"
ABC News,ABC News,American Airlines flight diverted to Rome over 'possible security issue' - ABC News,,https://abcnews.go.com/International/american-airlines-flight-diverted-rome-possible-security-issue/story?id\\u003d119099475,2025-02-23T19:41:02Z,
Barron's,Matthew Bemer,"Nvidia Earnings, Inflation Data, and More to Watch This Week - Barron's",,https://www.barrons.com/articles/nvidia-earnings-inflation-data-and-more-to-watch-this-week-3e5070d1,2025-02-23T19:00:00Z,
New York Post,Eric Todisco,Cruise ship lawyer warns of ‘absolutely horrifying’ inspection report on Royal Caribbean: ‘Disney would never’ - New York Post ,A lawyer who “sues cruise lines for a living” exposed the many problems onboard Royal Caribbean.,https://nypost.com/2025/02/23/lifestyle/cruise-ship-lawyer-warns-of-horrifying-inspection-report-on-royal-caribbean/,2025-02-23T18:37:00Z,"A sinking ship.
A lawyer who says he “sues cruise lines for a living” called out Royal Caribbean following the “absolutely horrifying” results of an inspection done by the Centers for Disease Contro… [+2677 chars]"
One Mile at a Time,Ben Schlappig,"Flying Blue Boss: ""You Don’t Put A Price On Loyalty"" - One Mile at a Time",The head of Air France-KLM Flying Blue has made some interesting comments that many frequent flyers will appreciate.,https://onemileatatime.com/news/flying-blue-boss-price-loyalty/,2025-02-23T18:23:59Z,
Futurism,Victor Tangermann,Hypocrite Elon Musk Is Criticizing OpenAI for Not Open Sourcing ChatGPT While Refusing to Do the Same With Grok - Futurism,xAI founder Elon Musk refuses to open source most of the latest Grok AI models while criticizing OpenAI of failing to do so as well.,https://futurism.com/hypocrite-elon-musk-criticizing-openai-open-sourcing-chatgpt-grok,2025-02-23T18:15:03Z,"Last week, multi-hyphenate billionaire and White House operative Elon Musk made a gigantic $97.4 billion bid to buy the nonprofit that controls OpenAI.
Musk cofounded the ChatGPT maker alongside cur… [+2547 chars]"
SFGate,Katie Dowd,Costco insider explains why they stock wildly expensive luxury items - SFGATE,"In a new interview, a Costco insider has shed light on some of the warehouse brand’s most unusual items — and revealed if anyone is actually buying them.",https://www.sfgate.com/food/article/costco-insider-expensive-items-20183169.php,2025-02-23T18:10:12Z,"FILE: People with shopping carts filled with groceries walking out of Costco store in Virginia.
krblokhin/Getty Images
In a new interview, a Costco insider has shed light on some of the warehouse b… [+2252 chars]"
CNN,Bryan Mena,Surging egg prices are pummeling America’s bakeries - CNN,"Egg prices are surging after the ongoing bird flu outbreak and as a staple ingredient for bakeries, those businesses are being hit hard by skyrocketing costs.",https://www.cnn.com/2025/02/23/economy/surging-egg-prices-bakeries/index.html,2025-02-23T18:00:00Z,"Fluctuating egg prices arent anything new for Scott Auslander, general manager of Bread Furst, a bakery in Washington, DC. But this time is different, he told CNN.
Our suppliers are telling us that … [+4782 chars]"
Motley Fool,Danny Vena,Every Palantir Investor Should Keep an Eye on This Number - Nasdaq,"The stock chart has been getting all the attention, but there's another number that investors should be watching.",https://www.fool.com/investing/2025/02/23/every-palantir-investor-should-keep-an-eye-on-this/,2025-02-23T17:05:00Z,"The stock chart has been getting all the attention, but there's another number that investors should be watching.Palantir Technologies(PLTR -4.63%) has been one of the undisputed winners since the ad… [+2068 chars]"
MarketWatch,Christine Idzelis,Stock investors stopped freaking out over interest rates. Now they’re eying this risk. - MarketWatch,"Interest-rate volatility appears to be ‘normalizing,’ says J.P. Morgan Asset Management’s Phil Camporeale",https://www.marketwatch.com/story/stock-investors-stopped-freaking-out-over-interest-rates-now-theyre-eying-this-risk-4372a835,2025-02-23T17:00:00Z,"Investors appear to be doing a lot less hand-wringing over higher interest rates lately, but plenty of market risks are still coming up on the horizon.
The biggest risk is that the inflation story k… [+395 chars]"
The Wall Street Journal,The Wall Street Journal,Trump Paralyzes the U.S. Wind Power Industry - The Wall Street Journal,,https://www.wsj.com/business/energy-oil/trump-paralyzes-the-u-s-wind-power-industry-21fd4c7a,2025-02-23T15:00:00Z,
Cointelegraph,Zoltan Vardai,Bybit hackers may be behind Solana memecoin scams — ZachXBT - Cointelegraph,"Lazarus Group, the suspected Bybit hackers, may be behind recent Solana memecoin scams and rug pulls, according to onchain findings by analyst ZachXBT.",https://cointelegraph.com/news/bybit-hackers-solana-memecoin-scams-zachxbt,2025-02-23T14:31:00Z,"The Lazarus Group, the primary suspect behind the $1.4 billion Bybit hack, may also be linked to recent Solana memecoin scams, including rug pulls on the Pump.fun platform, according to onchain inves… [+3000 chars]"
